,allSystems
0,"[[(array([[(array([[100]], dtype=uint8), array([[100]], dtype=uint8), array([[0]], dtype=uint8), array([[0, 0, 0, ..., 0, 0, 0],
                 [0, 0, 0, ..., 0, 0, 0],
                 [0, 0, 0, ..., 0, 0, 0],
                 ...,
                 [1, 1, 1, ..., 1, 1, 0],
                 [0, 1, 0, ..., 0, 1, 1],
                 [1, 1, 0, ..., 1, 1, 1]], dtype=uint8), array([[0, 0, 0, ..., 0, 0, 0],
                 [0, 0, 0, ..., 0, 0, 0],
                 [0, 0, 0, ..., 0, 0, 0],
                 ...,
                 [0, 0, 0, ..., 0, 0, 0],
                 [0, 0, 0, ..., 0, 0, 0],
                 [0, 0, 0, ..., 0, 0, 0]], dtype=uint8), array([[0, 0, 0, ..., 0, 0, 0],
                 [0, 0, 0, ..., 0, 0, 0],
                 [0, 0, 0, ..., 0, 0, 0],
                 ...,
                 [0, 0, 0, ..., 0, 0, 0],
                 [0, 0, 0, ..., 0, 0, 0],
                 [0, 0, 0, ..., 0, 0, 0]], dtype=uint8), array([[0, 0, 0, ..., 0, 0, 0],
                 [0, 0, 0, ..., 0, 0, 0],
                 [0, 0, 0, ..., 0, 0, 0],
                 ...,
                 [0, 0, 0, ..., 0, 0, 0],
                 [0, 0, 0, ..., 0, 0, 0],
                 [0, 0, 0, ..., 0, 0, 0]], dtype=uint8), array([[0, 0, 0, ..., 0, 0, 0],
                 [0, 0, 0, ..., 0, 0, 0],
                 [0, 0, 0, ..., 0, 0, 0],
                 ...,
                 [1, 1, 1, ..., 1, 1, 0],
                 [0, 1, 0, ..., 0, 1, 1],
                 [1, 1, 0, ..., 1, 1, 1]], dtype=uint8))                                                                       ]],
        dtype=[('N', 'O'), ('M', 'O'), ('StepsDone', 'O'), ('Lt', 'O'), ('Li', 'O'), ('Ln', 'O'), ('Lf', 'O'), ('L', 'O')]), array([[(array([[   81,   100,   169, ...,  9996,  9999, 10000]], dtype=int32), array([[(array([[ 9,  9,  9, ..., 10,  1,  7]], dtype=uint8), array([[1, 1, 0, ..., 1, 1, 0]], dtype=uint8), array([[1, 1, 2, ..., 1, 1, 1]], dtype=uint8), array([[0, 0, 0, ..., 0, 0, 0]], dtype=uint8))]],
                dtype=[('Pcap', 'O'), ('isStem', 'O'), ('Engcap', 'O'), ('engaged', 'O')]))                                                                                                                                                                                                    ]],
        dtype=[('TUcells', 'O'), ('TUprop', 'O')]), array([[(array([[ 662, 1392, 1490, 1736, 1948, 1971, 2930, 3946, 3968, 4060, 4605,
                  7006, 8163, 1301, 1424, 1455, 1596, 1597, 1921, 2775, 3074, 3766,
                  3947, 4068, 4074, 6702, 6703, 6780, 6804, 7302, 7403, 7407, 8062,
                  8363, 8559, 9087, 9549, 9787, 9961]], dtype=int32), array([[(array([[7, 7, 7, 7, 7, 7, 7, 7, 7, 7, 7, 7, 7, 7, 5, 7, 6, 4, 0, 2, 8, 2,
                          2, 8, 6, 1, 6, 4, 5, 3, 6, 2, 6, 2, 0, 5, 7, 1, 0]], dtype=uint8), array([[100, 100, 100, 100, 100, 100, 100, 100, 100, 100, 100, 100, 100,
                          100, 100, 100, 100, 100, 100, 100, 100, 100, 100, 100, 100, 100,
                          100, 100, 100, 100, 100, 100, 100, 100, 100, 100, 100, 100, 100]],
                        dtype=uint8), array([[0, 0, 0, 0, 0, 0, 0, 0, 0, 0, 0, 0, 0, 0, 0, 0, 0, 0, 0, 0, 0, 0,
                          0, 0, 0, 0, 0, 0, 0, 0, 0, 0, 0, 0, 0, 0, 0, 0, 0]], dtype=uint8))                                                                         ]],
                dtype=[('Pcap', 'O'), ('Kcap', 'O'), ('engaged', 'O')]))                                                                                                ]],
        dtype=[('IMcells', 'O'), ('IMprop', 'O')]))                                                                                                                                                                                                                                                                                                                                                                       ]]"
1,"[[(array([[(array([[100]], dtype=uint8), array([[100]], dtype=uint8), array([[0]], dtype=uint8), array([[1, 1, 1, ..., 1, 1, 0],
                 [0, 0, 1, ..., 0, 1, 1],
                 [0, 1, 1, ..., 0, 1, 0],
                 ...,
                 [1, 0, 1, ..., 1, 0, 1],
                 [1, 0, 0, ..., 0, 1, 1],
                 [0, 0, 0, ..., 1, 1, 1]], dtype=uint8), array([[0, 0, 0, ..., 0, 0, 0],
                 [0, 0, 0, ..., 0, 0, 0],
                 [0, 0, 0, ..., 0, 0, 0],
                 ...,
                 [0, 0, 0, ..., 0, 0, 0],
                 [0, 0, 0, ..., 0, 0, 0],
                 [0, 0, 0, ..., 0, 0, 0]], dtype=uint8), array([[0, 0, 0, ..., 0, 0, 0],
                 [0, 0, 0, ..., 0, 0, 0],
                 [0, 0, 0, ..., 0, 0, 0],
                 ...,
                 [0, 0, 0, ..., 0, 0, 0],
                 [0, 0, 0, ..., 0, 0, 0],
                 [0, 0, 0, ..., 0, 0, 0]], dtype=uint8), array([[0, 0, 0, ..., 0, 0, 0],
                 [0, 0, 0, ..., 0, 0, 0],
                 [0, 0, 0, ..., 0, 0, 0],
                 ...,
                 [0, 0, 0, ..., 0, 0, 0],
                 [0, 0, 0, ..., 0, 0, 0],
                 [0, 0, 0, ..., 0, 0, 0]], dtype=uint8), array([[1, 1, 1, ..., 1, 1, 0],
                 [0, 0, 1, ..., 0, 1, 1],
                 [0, 1, 1, ..., 0, 1, 0],
                 ...,
                 [1, 0, 1, ..., 1, 0, 1],
                 [1, 0, 0, ..., 0, 1, 1],
                 [0, 0, 0, ..., 1, 1, 1]], dtype=uint8))                                                                       ]],
        dtype=[('N', 'O'), ('M', 'O'), ('StepsDone', 'O'), ('Lt', 'O'), ('Li', 'O'), ('Ln', 'O'), ('Lf', 'O'), ('L', 'O')]), array([[(array([[  298,   681,  1505, ...,  9998,  9999, 10000]], dtype=int32), array([[(array([[9, 9, 9, ..., 5, 8, 4]], dtype=uint8), array([[0, 0, 1, ..., 0, 1, 1]], dtype=uint8), array([[1, 1, 1, ..., 1, 2, 1]], dtype=uint8), array([[0, 0, 0, ..., 0, 0, 0]], dtype=uint8))]],
                dtype=[('Pcap', 'O'), ('isStem', 'O'), ('Engcap', 'O'), ('engaged', 'O')]))                                                                                                                                                                                              ]],
        dtype=[('TUcells', 'O'), ('TUprop', 'O')]), array([[(array([[ 583,  584, 1795, 4865, 5391, 6267,  237, 2983, 3676, 5480, 6196,
                  6398, 7062, 7064, 7086, 8080, 8565, 9284, 9794, 9873]],
                dtype=int32), array([[(array([[7, 7, 7, 7, 7, 7, 1, 7, 1, 1, 1, 2, 2, 3, 7, 0, 8, 4, 3, 2]],
                        dtype=uint8), array([[100, 100, 100, 100, 100, 100, 100, 100, 100, 100, 100, 100, 100,
                          100, 100, 100, 100, 100, 100, 100]], dtype=uint8), array([[0, 0, 0, 0, 0, 0, 0, 0, 0, 0, 0, 0, 0, 0, 0, 0, 0, 0, 0, 0]],
                        dtype=uint8))                                                                                                             ]],
                dtype=[('Pcap', 'O'), ('Kcap', 'O'), ('engaged', 'O')]))                                                                             ]],
        dtype=[('IMcells', 'O'), ('IMprop', 'O')]))                                                                                                                                                                                                                                                                                                                                                                 ]]"
2,"[[(array([[(array([[100]], dtype=uint8), array([[100]], dtype=uint8), array([[0]], dtype=uint8), array([[0, 0, 0, ..., 1, 0, 0],
                 [0, 0, 0, ..., 1, 1, 1],
                 [0, 0, 0, ..., 0, 1, 1],
                 ...,
                 [0, 1, 1, ..., 0, 1, 1],
                 [0, 1, 1, ..., 1, 1, 0],
                 [0, 1, 0, ..., 1, 1, 1]], dtype=uint8), array([[0, 0, 0, ..., 0, 0, 0],
                 [0, 0, 0, ..., 0, 0, 0],
                 [0, 0, 0, ..., 0, 0, 0],
                 ...,
                 [0, 0, 0, ..., 0, 0, 0],
                 [0, 0, 0, ..., 0, 0, 0],
                 [0, 0, 0, ..., 0, 0, 0]], dtype=uint8), array([[0, 0, 0, ..., 0, 0, 0],
                 [0, 0, 0, ..., 0, 0, 0],
                 [0, 0, 0, ..., 0, 0, 0],
                 ...,
                 [0, 0, 0, ..., 0, 0, 0],
                 [0, 0, 0, ..., 0, 0, 0],
                 [0, 0, 0, ..., 0, 0, 0]], dtype=uint8), array([[0, 0, 0, ..., 0, 0, 0],
                 [0, 0, 0, ..., 0, 0, 0],
                 [0, 0, 0, ..., 0, 0, 0],
                 ...,
                 [0, 0, 0, ..., 0, 0, 0],
                 [0, 0, 0, ..., 0, 0, 0],
                 [0, 0, 0, ..., 0, 0, 0]], dtype=uint8), array([[0, 0, 0, ..., 1, 0, 0],
                 [0, 0, 0, ..., 1, 1, 1],
                 [0, 0, 0, ..., 0, 1, 1],
                 ...,
                 [0, 1, 1, ..., 0, 1, 1],
                 [0, 1, 1, ..., 1, 1, 0],
                 [0, 1, 0, ..., 1, 1, 1]], dtype=uint8))                                                                       ]],
        dtype=[('N', 'O'), ('M', 'O'), ('StepsDone', 'O'), ('Lt', 'O'), ('Li', 'O'), ('Ln', 'O'), ('Lf', 'O'), ('L', 'O')]), array([[(array([[  809,  1001,  1105, ...,  9997,  9998, 10000]], dtype=int32), array([[(array([[ 9,  9,  9, ..., 10,  8,  3]], dtype=uint8), array([[0, 0, 0, ..., 1, 0, 0]], dtype=uint8), array([[2, 1, 1, ..., 2, 2, 2]], dtype=uint8), array([[0, 0, 0, ..., 0, 0, 0]], dtype=uint8))]],
                dtype=[('Pcap', 'O'), ('isStem', 'O'), ('Engcap', 'O'), ('engaged', 'O')]))                                                                                                                                                                                                    ]],
        dtype=[('TUcells', 'O'), ('TUprop', 'O')]), array([[(array([[1761, 5703,  539,  639, 3789, 5052, 6046, 6612, 8343, 9715]],
                dtype=int32), array([[(array([[7, 7, 1, 6, 0, 6, 3, 7, 3, 8]], dtype=uint8), array([[100, 100, 100, 100, 100, 100, 100, 100, 100, 100]], dtype=uint8), array([[0, 0, 0, 0, 0, 0, 0, 0, 0, 0]], dtype=uint8))]],
                dtype=[('Pcap', 'O'), ('Kcap', 'O'), ('engaged', 'O')]))                                                                                                                                                       ]],
        dtype=[('IMcells', 'O'), ('IMprop', 'O')]))                                                                                                                                                                                                                                                                                                                                                                       ]]"
3,"[[(array([[(array([[100]], dtype=uint8), array([[100]], dtype=uint8), array([[0]], dtype=uint8), array([[0, 0, 0, ..., 1, 1, 1],
                 [1, 1, 1, ..., 1, 1, 1],
                 [1, 1, 1, ..., 0, 1, 0],
                 ...,
                 [0, 0, 0, ..., 1, 1, 1],
                 [0, 0, 0, ..., 1, 1, 0],
                 [0, 0, 0, ..., 0, 1, 1]], dtype=uint8), array([[0, 0, 0, ..., 0, 0, 0],
                 [0, 0, 0, ..., 0, 0, 0],
                 [0, 0, 0, ..., 0, 0, 0],
                 ...,
                 [0, 0, 0, ..., 0, 0, 0],
                 [0, 0, 0, ..., 0, 0, 0],
                 [0, 0, 0, ..., 0, 0, 0]], dtype=uint8), array([[0, 0, 0, ..., 0, 0, 0],
                 [0, 0, 0, ..., 0, 0, 0],
                 [0, 0, 0, ..., 0, 0, 0],
                 ...,
                 [0, 0, 0, ..., 0, 0, 0],
                 [0, 0, 0, ..., 0, 0, 0],
                 [0, 0, 0, ..., 0, 0, 0]], dtype=uint8), array([[0, 0, 0, ..., 0, 0, 0],
                 [0, 0, 0, ..., 0, 0, 0],
                 [0, 0, 0, ..., 0, 0, 0],
                 ...,
                 [0, 0, 0, ..., 0, 0, 0],
                 [0, 0, 0, ..., 0, 0, 0],
                 [0, 0, 0, ..., 0, 0, 0]], dtype=uint8), array([[0, 0, 0, ..., 1, 1, 1],
                 [1, 1, 1, ..., 1, 1, 1],
                 [1, 1, 1, ..., 0, 1, 0],
                 ...,
                 [0, 0, 0, ..., 1, 1, 1],
                 [0, 0, 0, ..., 1, 1, 0],
                 [0, 0, 0, ..., 0, 1, 1]], dtype=uint8))                                                                       ]],
        dtype=[('N', 'O'), ('M', 'O'), ('StepsDone', 'O'), ('Lt', 'O'), ('Li', 'O'), ('Ln', 'O'), ('Lf', 'O'), ('L', 'O')]), array([[(array([[ 1177,  1671,  2178, ...,  9997,  9998, 10000]], dtype=int32), array([[(array([[9, 9, 9, ..., 2, 0, 3]], dtype=uint8), array([[0, 0, 1, ..., 0, 0, 0]], dtype=uint8), array([[1, 2, 2, ..., 1, 2, 1]], dtype=uint8), array([[0, 0, 0, ..., 0, 0, 0]], dtype=uint8))]],
                dtype=[('Pcap', 'O'), ('isStem', 'O'), ('Engcap', 'O'), ('engaged', 'O')]))                                                                                                                                                                                              ]],
        dtype=[('TUcells', 'O'), ('TUprop', 'O')]), array([[(array([[2181, 5894, 1979, 2588, 4300, 4894, 4997, 5892]], dtype=int32), array([[(array([[7, 7, 0, 2, 5, 4, 2, 6]], dtype=uint8), array([[100, 100, 100, 100, 100, 100, 100, 100]], dtype=uint8), array([[0, 0, 0, 0, 0, 0, 0, 0]], dtype=uint8))]],
                dtype=[('Pcap', 'O'), ('Kcap', 'O'), ('engaged', 'O')]))                                                                                                                                                                                      ]],
        dtype=[('IMcells', 'O'), ('IMprop', 'O')]))                                                                                                                                                                                                                                                                                                                                                                 ]]"
4,"[[(array([[(array([[100]], dtype=uint8), array([[100]], dtype=uint8), array([[0]], dtype=uint8), array([[1, 1, 1, ..., 1, 0, 1],
                 [0, 0, 1, ..., 1, 1, 1],
                 [1, 1, 0, ..., 0, 1, 1],
                 ...,
                 [0, 0, 0, ..., 1, 1, 0],
                 [0, 0, 0, ..., 1, 0, 0],
                 [0, 0, 0, ..., 0, 1, 1]], dtype=uint8), array([[0, 0, 0, ..., 0, 0, 0],
                 [0, 0, 0, ..., 0, 0, 0],
                 [0, 0, 0, ..., 0, 0, 0],
                 ...,
                 [0, 0, 0, ..., 0, 0, 0],
                 [0, 0, 0, ..., 0, 0, 0],
                 [0, 0, 0, ..., 0, 0, 0]], dtype=uint8), array([[0, 0, 0, ..., 0, 0, 0],
                 [0, 0, 0, ..., 0, 0, 0],
                 [0, 0, 0, ..., 0, 0, 0],
                 ...,
                 [0, 0, 0, ..., 0, 0, 0],
                 [0, 0, 0, ..., 0, 0, 0],
                 [0, 0, 0, ..., 0, 0, 0]], dtype=uint8), array([[0, 0, 0, ..., 0, 0, 0],
                 [0, 0, 0, ..., 0, 0, 0],
                 [0, 0, 0, ..., 0, 0, 0],
                 ...,
                 [0, 0, 0, ..., 0, 0, 0],
                 [0, 0, 0, ..., 0, 0, 0],
                 [0, 0, 0, ..., 0, 0, 0]], dtype=uint8), array([[1, 1, 1, ..., 1, 0, 1],
                 [0, 0, 1, ..., 1, 1, 1],
                 [1, 1, 0, ..., 0, 1, 1],
                 ...,
                 [0, 0, 0, ..., 1, 1, 0],
                 [0, 0, 0, ..., 1, 0, 0],
                 [0, 0, 0, ..., 0, 1, 1]], dtype=uint8))                                                                       ]],
        dtype=[('N', 'O'), ('M', 'O'), ('StepsDone', 'O'), ('Lt', 'O'), ('Li', 'O'), ('Ln', 'O'), ('Lf', 'O'), ('L', 'O')]), array([[(array([[  401,  1098,  1391, ...,  9995,  9996, 10000]], dtype=int32), array([[(array([[9, 9, 9, ..., 6, 7, 2]], dtype=uint8), array([[0, 0, 0, ..., 0, 0, 1]], dtype=uint8), array([[1, 1, 2, ..., 1, 1, 2]], dtype=uint8), array([[0, 0, 0, ..., 0, 0, 0]], dtype=uint8))]],
                dtype=[('Pcap', 'O'), ('isStem', 'O'), ('Engcap', 'O'), ('engaged', 'O')]))                                                                                                                                                                                              ]],
        dtype=[('TUcells', 'O'), ('TUprop', 'O')]), array([[(array([[2648, 4487, 4546, 5135, 6285, 6753, 7777, 2706, 2807, 2956, 3065,
                  3204, 3332, 3443, 3505, 3544, 3767, 4473, 5262, 5539, 5540, 6040,
                  7154, 7581, 7966, 8652, 9568, 9766, 9966]], dtype=int32), array([[(array([[7, 7, 7, 7, 7, 7, 7, 1, 2, 1, 2, 5, 2, 6, 1, 2, 3, 6, 6, 7, 4, 1,
                          7, 0, 1, 3, 3, 4, 4]], dtype=uint8), array([[100, 100, 100, 100, 100, 100, 100, 100, 100, 100, 100, 100, 100,
                          100, 100, 100, 100, 100, 100, 100, 100, 100, 100, 100, 100, 100,
                          100, 100, 100]], dtype=uint8), array([[0, 0, 0, 0, 0, 0, 0, 0, 0, 0, 0, 0, 0, 0, 0, 0, 0, 0, 0, 0, 0, 0,
                          0, 0, 0, 0, 0, 0, 0]], dtype=uint8))                                                                         ]],
                dtype=[('Pcap', 'O'), ('Kcap', 'O'), ('engaged', 'O')]))                                                                                      ]],
        dtype=[('IMcells', 'O'), ('IMprop', 'O')]))                                                                                                                                                                                                                                                                                                                                                                 ]]"
5,"[[(array([[(array([[100]], dtype=uint8), array([[100]], dtype=uint8), array([[0]], dtype=uint8), array([[1, 1, 0, ..., 0, 0, 1],
                 [1, 1, 1, ..., 1, 1, 1],
                 [1, 0, 0, ..., 1, 0, 0],
                 ...,
                 [0, 0, 0, ..., 1, 1, 0],
                 [0, 0, 0, ..., 1, 1, 1],
                 [0, 0, 0, ..., 0, 1, 1]], dtype=uint8), array([[0, 0, 0, ..., 0, 0, 0],
                 [0, 0, 0, ..., 0, 0, 0],
                 [0, 0, 0, ..., 0, 0, 0],
                 ...,
                 [0, 0, 0, ..., 0, 0, 0],
                 [0, 0, 0, ..., 0, 0, 0],
                 [0, 0, 0, ..., 0, 0, 0]], dtype=uint8), array([[0, 0, 0, ..., 0, 0, 0],
                 [0, 0, 0, ..., 0, 0, 0],
                 [0, 0, 0, ..., 0, 0, 0],
                 ...,
                 [0, 0, 0, ..., 0, 0, 0],
                 [0, 0, 0, ..., 0, 0, 0],
                 [0, 0, 0, ..., 0, 0, 0]], dtype=uint8), array([[0, 0, 0, ..., 0, 0, 0],
                 [0, 0, 0, ..., 0, 0, 0],
                 [0, 0, 0, ..., 0, 0, 0],
                 ...,
                 [0, 0, 0, ..., 0, 0, 0],
                 [0, 0, 0, ..., 0, 0, 0],
                 [0, 0, 0, ..., 0, 0, 0]], dtype=uint8), array([[1, 1, 0, ..., 0, 0, 1],
                 [1, 1, 1, ..., 1, 1, 1],
                 [1, 0, 0, ..., 1, 0, 0],
                 ...,
                 [0, 0, 0, ..., 1, 1, 0],
                 [0, 0, 0, ..., 1, 1, 1],
                 [0, 0, 0, ..., 0, 1, 1]], dtype=uint8))                                                                       ]],
        dtype=[('N', 'O'), ('M', 'O'), ('StepsDone', 'O'), ('Lt', 'O'), ('Li', 'O'), ('Ln', 'O'), ('Lf', 'O'), ('L', 'O')]), array([[(array([[  121,  1126,  1132, ...,  9997,  9999, 10000]], dtype=int32), array([[(array([[ 9,  9,  9, ...,  7,  5, 10]], dtype=uint8), array([[0, 0, 0, ..., 0, 1, 0]], dtype=uint8), array([[2, 2, 2, ..., 1, 1, 2]], dtype=uint8), array([[0, 0, 0, ..., 0, 0, 0]], dtype=uint8))]],
                dtype=[('Pcap', 'O'), ('isStem', 'O'), ('Engcap', 'O'), ('engaged', 'O')]))                                                                                                                                                                                                    ]],
        dtype=[('TUcells', 'O'), ('TUprop', 'O')]), array([[(array([[3621, 4704, 4756, 5307, 5375, 5474, 5569, 8057, 9355, 3313, 3612,
                  4307, 4315, 4658, 7757, 8804, 8996, 9456]], dtype=int32), array([[(array([[7, 7, 7, 7, 7, 7, 7, 7, 7, 8, 3, 6, 8, 8, 0, 7, 1, 7]],
                        dtype=uint8), array([[100, 100, 100, 100, 100, 100, 100, 100, 100, 100, 100, 100, 100,
                          100, 100, 100, 100, 100]], dtype=uint8), array([[0, 0, 0, 0, 0, 0, 0, 0, 0, 0, 0, 0, 0, 0, 0, 0, 0, 0]],
                        dtype=uint8))                                                                                             ]],
                dtype=[('Pcap', 'O'), ('Kcap', 'O'), ('engaged', 'O')]))                                                                            ]],
        dtype=[('IMcells', 'O'), ('IMprop', 'O')]))                                                                                                                                                                                                                                                                                                                                                                       ]]"
6,"[[(array([[(array([[100]], dtype=uint8), array([[100]], dtype=uint8), array([[0]], dtype=uint8), array([[0, 1, 1, ..., 0, 0, 0],
                 [1, 1, 1, ..., 0, 0, 0],
                 [1, 1, 1, ..., 0, 0, 0],
                 ...,
                 [1, 1, 0, ..., 1, 1, 1],
                 [1, 1, 1, ..., 1, 0, 1],
                 [0, 1, 1, ..., 1, 1, 1]], dtype=uint8), array([[0, 0, 0, ..., 0, 0, 0],
                 [0, 0, 0, ..., 0, 0, 0],
                 [0, 0, 0, ..., 0, 0, 0],
                 ...,
                 [0, 0, 0, ..., 0, 0, 0],
                 [0, 0, 0, ..., 0, 0, 0],
                 [0, 0, 0, ..., 0, 0, 0]], dtype=uint8), array([[0, 0, 0, ..., 0, 0, 0],
                 [0, 0, 0, ..., 0, 0, 0],
                 [0, 0, 0, ..., 0, 0, 0],
                 ...,
                 [0, 0, 0, ..., 0, 0, 0],
                 [0, 0, 0, ..., 0, 0, 0],
                 [0, 0, 0, ..., 0, 0, 0]], dtype=uint8), array([[0, 0, 0, ..., 0, 0, 0],
                 [0, 0, 0, ..., 0, 0, 0],
                 [0, 0, 0, ..., 0, 0, 0],
                 ...,
                 [0, 0, 0, ..., 0, 0, 0],
                 [0, 0, 0, ..., 0, 0, 0],
                 [0, 0, 0, ..., 0, 0, 0]], dtype=uint8), array([[0, 1, 1, ..., 0, 0, 0],
                 [1, 1, 1, ..., 0, 0, 0],
                 [1, 1, 1, ..., 0, 0, 0],
                 ...,
                 [1, 1, 0, ..., 1, 1, 1],
                 [1, 1, 1, ..., 1, 0, 1],
                 [0, 1, 1, ..., 1, 1, 1]], dtype=uint8))                                                                       ]],
        dtype=[('N', 'O'), ('M', 'O'), ('StepsDone', 'O'), ('Lt', 'O'), ('Li', 'O'), ('Ln', 'O'), ('Lf', 'O'), ('L', 'O')]), array([[(array([[ 2538,  5768,  7193, ...,  9998,  9999, 10000]], dtype=int32), array([[(array([[9, 9, 9, ..., 0, 8, 1]], dtype=uint8), array([[1, 0, 1, ..., 0, 0, 0]], dtype=uint8), array([[2, 2, 1, ..., 1, 2, 1]], dtype=uint8), array([[0, 0, 0, ..., 0, 0, 0]], dtype=uint8))]],
                dtype=[('Pcap', 'O'), ('isStem', 'O'), ('Engcap', 'O'), ('engaged', 'O')]))                                                                                                                                                                                              ]],
        dtype=[('TUcells', 'O'), ('TUprop', 'O')]), array([[(array([[ 783, 7798, 3769, 4572, 7356, 7699, 8969]], dtype=int32), array([[(array([[7, 7, 6, 7, 1, 3, 0]], dtype=uint8), array([[100, 100, 100, 100, 100, 100, 100]], dtype=uint8), array([[0, 0, 0, 0, 0, 0, 0]], dtype=uint8))]],
                dtype=[('Pcap', 'O'), ('Kcap', 'O'), ('engaged', 'O')]))                                                                                                                                                                     ]],
        dtype=[('IMcells', 'O'), ('IMprop', 'O')]))                                                                                                                                                                                                                                                                                                                                                                 ]]"
7,"[[(array([[(array([[100]], dtype=uint8), array([[100]], dtype=uint8), array([[0]], dtype=uint8), array([[1, 0, 0, ..., 0, 0, 0],
                 [1, 1, 1, ..., 0, 0, 0],
                 [1, 1, 0, ..., 0, 0, 0],
                 ...,
                 [1, 0, 1, ..., 1, 1, 0],
                 [0, 0, 1, ..., 1, 1, 1],
                 [0, 1, 1, ..., 1, 0, 1]], dtype=uint8), array([[0, 0, 0, ..., 0, 0, 0],
                 [0, 0, 0, ..., 0, 0, 0],
                 [0, 0, 0, ..., 0, 0, 0],
                 ...,
                 [0, 0, 0, ..., 0, 0, 0],
                 [0, 0, 0, ..., 0, 0, 0],
                 [0, 0, 0, ..., 0, 0, 0]], dtype=uint8), array([[0, 0, 0, ..., 0, 0, 0],
                 [0, 0, 0, ..., 0, 0, 0],
                 [0, 0, 0, ..., 0, 0, 0],
                 ...,
                 [0, 0, 0, ..., 0, 0, 0],
                 [0, 0, 0, ..., 0, 0, 0],
                 [0, 0, 0, ..., 0, 0, 0]], dtype=uint8), array([[0, 0, 0, ..., 0, 0, 0],
                 [0, 0, 0, ..., 0, 0, 0],
                 [0, 0, 0, ..., 0, 0, 0],
                 ...,
                 [0, 0, 0, ..., 0, 0, 0],
                 [0, 0, 0, ..., 0, 0, 0],
                 [0, 0, 0, ..., 0, 0, 0]], dtype=uint8), array([[1, 0, 0, ..., 0, 0, 0],
                 [1, 1, 1, ..., 0, 0, 0],
                 [1, 1, 0, ..., 0, 0, 0],
                 ...,
                 [1, 0, 1, ..., 1, 1, 0],
                 [0, 0, 1, ..., 1, 1, 1],
                 [0, 1, 1, ..., 1, 0, 1]], dtype=uint8))                                                                       ]],
        dtype=[('N', 'O'), ('M', 'O'), ('StepsDone', 'O'), ('Lt', 'O'), ('Li', 'O'), ('Ln', 'O'), ('Lf', 'O'), ('L', 'O')]), array([[(array([[   28,    85,   146, ...,  9997,  9999, 10000]], dtype=int32), array([[(array([[9, 9, 9, ..., 2, 0, 2]], dtype=uint8), array([[1, 0, 0, ..., 1, 0, 0]], dtype=uint8), array([[2, 1, 2, ..., 2, 2, 2]], dtype=uint8), array([[0, 0, 0, ..., 0, 0, 0]], dtype=uint8))]],
                dtype=[('Pcap', 'O'), ('isStem', 'O'), ('Engcap', 'O'), ('engaged', 'O')]))                                                                                                                                                                                              ]],
        dtype=[('TUcells', 'O'), ('TUprop', 'O')]), array([[(array([[ 670, 2244, 5602, 6792, 8964, 9158, 9560, 9829,  399,  957, 1089,
                  2174, 3016, 5749, 5848, 5907, 7670, 7843, 7943, 9064, 9156, 9290,
                  9461, 9661, 9687, 9885]], dtype=int32), array([[(array([[7, 7, 7, 7, 7, 7, 7, 7, 0, 5, 4, 1, 1, 8, 7, 3, 2, 5, 2, 1, 8, 8,
                          5, 7, 5, 7]], dtype=uint8), array([[100, 100, 100, 100, 100, 100, 100, 100, 100, 100, 100, 100, 100,
                          100, 100, 100, 100, 100, 100, 100, 100, 100, 100, 100, 100, 100]],
                        dtype=uint8), array([[0, 0, 0, 0, 0, 0, 0, 0, 0, 0, 0, 0, 0, 0, 0, 0, 0, 0, 0, 0, 0, 0,
                          0, 0, 0, 0]], dtype=uint8))                                                                         ]],
                dtype=[('Pcap', 'O'), ('Kcap', 'O'), ('engaged', 'O')]))                                                                    ]],
        dtype=[('IMcells', 'O'), ('IMprop', 'O')]))                                                                                                                                                                                                                                                                                                                                                                 ]]"
8,"[[(array([[(array([[100]], dtype=uint8), array([[100]], dtype=uint8), array([[0]], dtype=uint8), array([[1, 1, 1, ..., 0, 0, 0],
                 [1, 0, 1, ..., 0, 0, 0],
                 [1, 1, 0, ..., 1, 0, 0],
                 ...,
                 [1, 1, 1, ..., 0, 1, 0],
                 [1, 1, 1, ..., 1, 0, 0],
                 [1, 0, 1, ..., 1, 1, 0]], dtype=uint8), array([[0, 0, 0, ..., 0, 0, 0],
                 [0, 0, 0, ..., 0, 0, 0],
                 [0, 0, 0, ..., 0, 0, 0],
                 ...,
                 [0, 0, 0, ..., 0, 0, 0],
                 [0, 0, 0, ..., 0, 0, 0],
                 [0, 0, 0, ..., 0, 0, 0]], dtype=uint8), array([[0, 0, 0, ..., 0, 0, 0],
                 [0, 0, 0, ..., 0, 0, 0],
                 [0, 0, 0, ..., 0, 0, 0],
                 ...,
                 [0, 0, 0, ..., 0, 0, 0],
                 [0, 0, 0, ..., 0, 0, 0],
                 [0, 0, 0, ..., 0, 0, 0]], dtype=uint8), array([[0, 0, 0, ..., 0, 0, 0],
                 [0, 0, 0, ..., 0, 0, 0],
                 [0, 0, 0, ..., 0, 0, 0],
                 ...,
                 [0, 0, 0, ..., 0, 0, 0],
                 [0, 0, 0, ..., 0, 0, 0],
                 [0, 0, 0, ..., 0, 0, 0]], dtype=uint8), array([[1, 1, 1, ..., 0, 0, 0],
                 [1, 0, 1, ..., 0, 0, 0],
                 [1, 1, 0, ..., 1, 0, 0],
                 ...,
                 [1, 1, 1, ..., 0, 1, 0],
                 [1, 1, 1, ..., 1, 0, 0],
                 [1, 0, 1, ..., 1, 1, 0]], dtype=uint8))                                                                       ]],
        dtype=[('N', 'O'), ('M', 'O'), ('StepsDone', 'O'), ('Lt', 'O'), ('Li', 'O'), ('Ln', 'O'), ('Lf', 'O'), ('L', 'O')]), array([[(array([[ 236,  714,  837, ..., 9994, 9995, 9996]], dtype=int32), array([[(array([[ 9,  9,  9, ...,  8,  6, 10]], dtype=uint8), array([[0, 0, 0, ..., 0, 0, 0]], dtype=uint8), array([[2, 2, 2, ..., 1, 2, 2]], dtype=uint8), array([[0, 0, 0, ..., 0, 0, 0]], dtype=uint8))]],
                dtype=[('Pcap', 'O'), ('isStem', 'O'), ('Engcap', 'O'), ('engaged', 'O')]))                                                                                                                                                                                              ]],
        dtype=[('TUcells', 'O'), ('TUprop', 'O')]), array([[(array([[1594, 2326, 2438, 2538, 3730, 8997,  315,  317,  393, 1315, 1493,
                  2228, 3011, 3302, 3343, 3529, 3630, 3871, 4674, 6200, 7559, 8447,
                  8669, 8896, 8900]], dtype=int32), array([[(array([[7, 7, 7, 7, 7, 7, 1, 2, 2, 0, 7, 2, 8, 5, 8, 4, 3, 8, 1, 4, 4, 2,
                          8, 7, 3]], dtype=uint8), array([[100, 100, 100, 100, 100, 100, 100, 100, 100, 100, 100, 100, 100,
                          100, 100, 100, 100, 100, 100, 100, 100, 100, 100, 100, 100]],
                        dtype=uint8), array([[0, 0, 0, 0, 0, 0, 0, 0, 0, 0, 0, 0, 0, 0, 0, 0, 0, 0, 0, 0, 0, 0,
                          0, 0, 0]], dtype=uint8))                                                                         ]],
                dtype=[('Pcap', 'O'), ('Kcap', 'O'), ('engaged', 'O')]))                                                              ]],
        dtype=[('IMcells', 'O'), ('IMprop', 'O')]))                                                                                                                                                                                                                                                                                                                                                                 ]]"
9,"[[(array([[(array([[100]], dtype=uint8), array([[100]], dtype=uint8), array([[0]], dtype=uint8), array([[0, 0, 0, ..., 1, 1, 1],
                 [0, 0, 0, ..., 1, 1, 0],
                 [0, 0, 0, ..., 1, 1, 1],
                 ...,
                 [0, 0, 1, ..., 1, 1, 1],
                 [0, 0, 0, ..., 1, 0, 0],
                 [0, 0, 0, ..., 1, 1, 0]], dtype=uint8), array([[0, 0, 0, ..., 0, 0, 0],
                 [0, 0, 0, ..., 0, 0, 0],
                 [0, 0, 0, ..., 0, 0, 0],
                 ...,
                 [0, 0, 0, ..., 0, 0, 0],
                 [0, 0, 0, ..., 0, 0, 0],
                 [0, 0, 0, ..., 0, 0, 0]], dtype=uint8), array([[0, 0, 0, ..., 0, 0, 0],
                 [0, 0, 0, ..., 0, 0, 0],
                 [0, 0, 0, ..., 0, 0, 0],
                 ...,
                 [0, 0, 0, ..., 0, 0, 0],
                 [0, 0, 0, ..., 0, 0, 0],
                 [0, 0, 0, ..., 0, 0, 0]], dtype=uint8), array([[0, 0, 0, ..., 0, 0, 0],
                 [0, 0, 0, ..., 0, 0, 0],
                 [0, 0, 0, ..., 0, 0, 0],
                 ...,
                 [0, 0, 0, ..., 0, 0, 0],
                 [0, 0, 0, ..., 0, 0, 0],
                 [0, 0, 0, ..., 0, 0, 0]], dtype=uint8), array([[0, 0, 0, ..., 1, 1, 1],
                 [0, 0, 0, ..., 1, 1, 0],
                 [0, 0, 0, ..., 1, 1, 1],
                 ...,
                 [0, 0, 1, ..., 1, 1, 1],
                 [0, 0, 0, ..., 1, 0, 0],
                 [0, 0, 0, ..., 1, 1, 0]], dtype=uint8))                                                                       ]],
        dtype=[('N', 'O'), ('M', 'O'), ('StepsDone', 'O'), ('Lt', 'O'), ('Li', 'O'), ('Ln', 'O'), ('Lf', 'O'), ('L', 'O')]), array([[(array([[1367, 2444, 3302, ..., 9996, 9997, 9998]], dtype=int32), array([[(array([[9, 9, 9, ..., 5, 4, 9]], dtype=uint8), array([[0, 0, 0, ..., 0, 0, 1]], dtype=uint8), array([[1, 1, 1, ..., 1, 2, 1]], dtype=uint8), array([[0, 0, 0, ..., 0, 0, 0]], dtype=uint8))]],
                dtype=[('Pcap', 'O'), ('isStem', 'O'), ('Engcap', 'O'), ('engaged', 'O')]))                                                                                                                                                                                        ]],
        dtype=[('TUcells', 'O'), ('TUprop', 'O')]), array([[(array([[1191, 1379, 1621, 1676, 1883, 2074, 2979, 3369, 3779, 3791, 6083,
                  6146, 6652, 9328, 1672, 4722, 4871, 4981, 5122, 5437, 6430, 6529,
                  6851, 7656, 7757, 7856, 8487, 8554, 8684, 8771, 9375, 9635]],
                dtype=int32), array([[(array([[7, 7, 7, 7, 7, 7, 7, 7, 7, 7, 7, 7, 7, 7, 5, 0, 0, 7, 4, 2, 1, 3,
                          5, 1, 5, 3, 4, 2, 0, 4, 1, 2]], dtype=uint8), array([[100, 100, 100, 100, 100, 100, 100, 100, 100, 100, 100, 100, 100,
                          100, 100, 100, 100, 100, 100, 100, 100, 100, 100, 100, 100, 100,
                          100, 100, 100, 100, 100, 100]], dtype=uint8), array([[0, 0, 0, 0, 0, 0, 0, 0, 0, 0, 0, 0, 0, 0, 0, 0, 0, 0, 0, 0, 0, 0,
                          0, 0, 0, 0, 0, 0, 0, 0, 0, 0]], dtype=uint8))                                                                          ]],
                dtype=[('Pcap', 'O'), ('Kcap', 'O'), ('engaged', 'O')]))                                                                            ]],
        dtype=[('IMcells', 'O'), ('IMprop', 'O')]))                                                                                                                                                                                                                                                                                                                                                           ]]"
10,"[[(array([[(array([[100]], dtype=uint8), array([[100]], dtype=uint8), array([[0]], dtype=uint8), array([[0, 1, 0, ..., 1, 0, 0],
                 [0, 1, 1, ..., 1, 1, 1],
                 [1, 0, 1, ..., 1, 0, 1],
                 ...,
                 [0, 0, 0, ..., 0, 0, 0],
                 [0, 0, 0, ..., 1, 0, 0],
                 [0, 0, 0, ..., 1, 1, 0]], dtype=uint8), array([[0, 0, 0, ..., 0, 0, 0],
                 [0, 0, 0, ..., 0, 0, 0],
                 [0, 0, 0, ..., 0, 0, 0],
                 ...,
                 [0, 0, 0, ..., 0, 0, 0],
                 [0, 0, 0, ..., 0, 0, 0],
                 [0, 0, 0, ..., 0, 0, 0]], dtype=uint8), array([[0, 0, 0, ..., 0, 0, 0],
                 [0, 0, 0, ..., 0, 0, 0],
                 [0, 0, 0, ..., 0, 0, 0],
                 ...,
                 [0, 0, 0, ..., 0, 0, 0],
                 [0, 0, 0, ..., 0, 0, 0],
                 [0, 0, 0, ..., 0, 0, 0]], dtype=uint8), array([[0, 0, 0, ..., 0, 0, 0],
                 [0, 0, 0, ..., 0, 0, 0],
                 [0, 0, 0, ..., 0, 0, 0],
                 ...,
                 [0, 0, 0, ..., 0, 0, 0],
                 [0, 0, 0, ..., 0, 0, 0],
                 [0, 0, 0, ..., 0, 0, 0]], dtype=uint8), array([[0, 1, 0, ..., 1, 0, 0],
                 [0, 1, 1, ..., 1, 1, 1],
                 [1, 0, 1, ..., 1, 0, 1],
                 ...,
                 [0, 0, 0, ..., 0, 0, 0],
                 [0, 0, 0, ..., 1, 0, 0],
                 [0, 0, 0, ..., 1, 1, 0]], dtype=uint8))                                                                       ]],
        dtype=[('N', 'O'), ('M', 'O'), ('StepsDone', 'O'), ('Lt', 'O'), ('Li', 'O'), ('Ln', 'O'), ('Lf', 'O'), ('L', 'O')]), array([[(array([[1123, 1176, 2263, ..., 9994, 9996, 9997]], dtype=int32), array([[(array([[9, 9, 9, ..., 8, 0, 8]], dtype=uint8), array([[0, 0, 1, ..., 0, 0, 1]], dtype=uint8), array([[1, 1, 2, ..., 2, 1, 2]], dtype=uint8), array([[0, 0, 0, ..., 0, 0, 0]], dtype=uint8))]],
                dtype=[('Pcap', 'O'), ('isStem', 'O'), ('Engcap', 'O'), ('engaged', 'O')]))                                                                                                                                                                                        ]],
        dtype=[('TUcells', 'O'), ('TUprop', 'O')]), array([[(array([[ 969, 6509, 7003, 8203, 3179, 6827, 6830]], dtype=int32), array([[(array([[7, 7, 7, 7, 3, 0, 5]], dtype=uint8), array([[100, 100, 100, 100, 100, 100, 100]], dtype=uint8), array([[0, 0, 0, 0, 0, 0, 0]], dtype=uint8))]],
                dtype=[('Pcap', 'O'), ('Kcap', 'O'), ('engaged', 'O')]))                                                                                                                                                                     ]],
        dtype=[('IMcells', 'O'), ('IMprop', 'O')]))                                                                                                                                                                                                                                                                                                                                                           ]]"
11,"[[(array([[(array([[100]], dtype=uint8), array([[100]], dtype=uint8), array([[0]], dtype=uint8), array([[0, 0, 0, ..., 0, 0, 0],
                 [1, 1, 1, ..., 0, 0, 0],
                 [1, 1, 1, ..., 0, 0, 0],
                 ...,
                 [1, 1, 1, ..., 1, 1, 1],
                 [1, 1, 0, ..., 0, 1, 1],
                 [1, 1, 1, ..., 1, 1, 0]], dtype=uint8), array([[0, 0, 0, ..., 0, 0, 0],
                 [0, 0, 0, ..., 0, 0, 0],
                 [0, 0, 0, ..., 0, 0, 0],
                 ...,
                 [0, 0, 0, ..., 0, 0, 0],
                 [0, 0, 0, ..., 0, 0, 0],
                 [0, 0, 0, ..., 0, 0, 0]], dtype=uint8), array([[0, 0, 0, ..., 0, 0, 0],
                 [0, 0, 0, ..., 0, 0, 0],
                 [0, 0, 0, ..., 0, 0, 0],
                 ...,
                 [0, 0, 0, ..., 0, 0, 0],
                 [0, 0, 0, ..., 0, 0, 0],
                 [0, 0, 0, ..., 0, 0, 0]], dtype=uint8), array([[0, 0, 0, ..., 0, 0, 0],
                 [0, 0, 0, ..., 0, 0, 0],
                 [0, 0, 0, ..., 0, 0, 0],
                 ...,
                 [0, 0, 0, ..., 0, 0, 0],
                 [0, 0, 0, ..., 0, 0, 0],
                 [0, 0, 0, ..., 0, 0, 0]], dtype=uint8), array([[0, 0, 0, ..., 0, 0, 0],
                 [1, 1, 1, ..., 0, 0, 0],
                 [1, 1, 1, ..., 0, 0, 0],
                 ...,
                 [1, 1, 1, ..., 1, 1, 1],
                 [1, 1, 0, ..., 0, 1, 1],
                 [1, 1, 1, ..., 1, 1, 0]], dtype=uint8))                                                                       ]],
        dtype=[('N', 'O'), ('M', 'O'), ('StepsDone', 'O'), ('Lt', 'O'), ('Li', 'O'), ('Ln', 'O'), ('Lf', 'O'), ('L', 'O')]), array([[(array([[  73,  172,  596, ..., 9997, 9998, 9999]], dtype=int32), array([[(array([[9, 9, 9, ..., 9, 9, 6]], dtype=uint8), array([[0, 0, 0, ..., 1, 0, 0]], dtype=uint8), array([[1, 2, 1, ..., 1, 2, 1]], dtype=uint8), array([[0, 0, 0, ..., 0, 0, 0]], dtype=uint8))]],
                dtype=[('Pcap', 'O'), ('isStem', 'O'), ('Engcap', 'O'), ('engaged', 'O')]))                                                                                                                                                                                        ]],
        dtype=[('TUcells', 'O'), ('TUprop', 'O')]), array([[(array([[1098, 6373, 6449, 7513, 7614,  547, 5521, 6023, 7658, 8804]],
                dtype=int32), array([[(array([[7, 7, 7, 7, 7, 0, 7, 6, 1, 5]], dtype=uint8), array([[100, 100, 100, 100, 100, 100, 100, 100, 100, 100]], dtype=uint8), array([[0, 0, 0, 0, 0, 0, 0, 0, 0, 0]], dtype=uint8))]],
                dtype=[('Pcap', 'O'), ('Kcap', 'O'), ('engaged', 'O')]))                                                                                                                                                       ]],
        dtype=[('IMcells', 'O'), ('IMprop', 'O')]))                                                                                                                                                                                                                                                                                                                                                           ]]"
